{"title":"101Cats User Guide and Wiki","subtitle":"101Cats is a free Windows CAT control program for the Yaesu FTdx101 series of radio transceivers. It has been developed by Martin (G8FXC) with input from a small band of active users. The source code for 101Cats is available to interested parties subject to some simple terms and contitions. Please contact the author using this email address to request access.","tips":[],"main":{"title":"","data":[]},"highlighted":{"title":"Installing 101Cats","data":[{"title":"Send Email","description":"","url":"mailto:email@example.com"},{"title":"How to obtain 101Cats","description":"Installation requirements and download","url":"how-to-obtain-101cats.html"}]},"groups":[{"title":"Other relevant topics as wide cards","type":"cards","display":"wide","data":[{"title":"Home Page","description":"101Cats User Guide and Wiki 101Cats is a free Windows CAT control program for the Yaesu FTdx101 series of radio transceivers. It has been developed by Martin (G8FXC) with input from a small band of active users. The source code for 101Cats is available to interested parties subject…","url":""},{"title":"Home Page","description":"With a custom card summary","url":""},{"title":"Custom card title","description":"101Cats User Guide and Wiki 101Cats is a free Windows CAT control program for the Yaesu FTdx101 series of radio transceivers. It has been developed by Martin (G8FXC) with input from a small band of active users. The source code for 101Cats is available to interested parties subject…","url":""},{"title":"Custom card title","description":"With a custom card summary","url":""}]},{"title":"Other relevant topics as narrow cards","type":"cards","display":"normal","data":[{"title":"Home Page","description":"101Cats User Guide and Wiki 101Cats is a free Windows CAT control program for the Yaesu FTdx101 series of radio transceivers. It has been developed by Martin (G8FXC) with input from a small band of active users. The source code for 101Cats is available to interested parties subject…","url":""},{"title":"Home Page","description":"101Cats User Guide and Wiki 101Cats is a free Windows CAT control program for the Yaesu FTdx101 series of radio transceivers. It has been developed by Martin (G8FXC) with input from a small band of active users. The source code for 101Cats is available to interested parties subject…","url":""},{"title":"Home Page","description":"With a custom card summary","url":""},{"title":"Custom card title","description":"101Cats User Guide and Wiki 101Cats is a free Windows CAT control program for the Yaesu FTdx101 series of radio transceivers. It has been developed by Martin (G8FXC) with input from a small band of active users. The source code for 101Cats is available to interested parties subject…","url":""},{"title":"Custom card title","description":"101Cats User Guide and Wiki 101Cats is a free Windows CAT control program for the Yaesu FTdx101 series of radio transceivers. It has been developed by Martin (G8FXC) with input from a small band of active users. The source code for 101Cats is available to interested parties subject…","url":""},{"title":"Custom card title","description":"With a custom card summary","url":""}]},{"type":"links","display":"wide","data":[{"title":"Other related topics as links!","data":[{"title":"Hit me!","description":"","url":"https://news.bbc.co.uk"},{"title":"Home Page","description":"With a custom card summary","url":""},{"title":"Custom card title","description":"101Cats User Guide and Wiki 101Cats is a free Windows CAT control program for the Yaesu FTdx101 series of radio transceivers. It has been developed by Martin (G8FXC) with input from a small band of active users. The source code for 101Cats is available to interested parties subject…","url":""},{"title":"Custom card title","description":"With a custom card summary","url":""}]},{"title":"Two in a row","data":[{"title":"Home Page","description":"101Cats User Guide and Wiki 101Cats is a free Windows CAT control program for the Yaesu FTdx101 series of radio transceivers. It has been developed by Martin (G8FXC) with input from a small band of active users. The source code for 101Cats is available to interested parties subject…","url":""},{"title":"Home Page","description":"With a custom card summary","url":""},{"title":"Custom card title","description":"101Cats User Guide and Wiki 101Cats is a free Windows CAT control program for the Yaesu FTdx101 series of radio transceivers. It has been developed by Martin (G8FXC) with input from a small band of active users. The source code for 101Cats is available to interested parties subject…","url":""},{"title":"Custom card title","description":"With a custom card summary","url":""}]}]},{"type":"links","display":"normal","data":[{"title":"More related topics","data":[{"title":"Home Page","description":"101Cats User Guide and Wiki 101Cats is a free Windows CAT control program for the Yaesu FTdx101 series of radio transceivers. It has been developed by Martin (G8FXC) with input from a small band of active users. The source code for 101Cats is available to interested parties subject…","url":""},{"title":"Home Page","description":"With a custom card summary","url":""},{"title":"Custom card title","description":"101Cats User Guide and Wiki 101Cats is a free Windows CAT control program for the Yaesu FTdx101 series of radio transceivers. It has been developed by Martin (G8FXC) with input from a small band of active users. The source code for 101Cats is available to interested parties subject…","url":""},{"title":"Custom card title","description":"With a custom card summary","url":""}]},{"title":"Three in a row","data":[{"title":"Home Page","description":"101Cats User Guide and Wiki 101Cats is a free Windows CAT control program for the Yaesu FTdx101 series of radio transceivers. It has been developed by Martin (G8FXC) with input from a small band of active users. The source code for 101Cats is available to interested parties subject…","url":""},{"title":"Home Page","description":"101Cats User Guide and Wiki 101Cats is a free Windows CAT control program for the Yaesu FTdx101 series of radio transceivers. It has been developed by Martin (G8FXC) with input from a small band of active users. The source code for 101Cats is available to interested parties subject…","url":""},{"title":"Custom card title","description":"101Cats User Guide and Wiki 101Cats is a free Windows CAT control program for the Yaesu FTdx101 series of radio transceivers. It has been developed by Martin (G8FXC) with input from a small band of active users. The source code for 101Cats is available to interested parties subject…","url":""},{"title":"Custom card title","description":"101Cats User Guide and Wiki 101Cats is a free Windows CAT control program for the Yaesu FTdx101 series of radio transceivers. It has been developed by Martin (G8FXC) with input from a small band of active users. The source code for 101Cats is available to interested parties subject…","url":""}]},{"title":"Each group is narrow","data":[{"title":"Home Page","description":"101Cats User Guide and Wiki 101Cats is a free Windows CAT control program for the Yaesu FTdx101 series of radio transceivers. It has been developed by Martin (G8FXC) with input from a small band of active users. The source code for 101Cats is available to interested parties subject…","url":""},{"title":"Home Page","description":"101Cats User Guide and Wiki 101Cats is a free Windows CAT control program for the Yaesu FTdx101 series of radio transceivers. It has been developed by Martin (G8FXC) with input from a small band of active users. The source code for 101Cats is available to interested parties subject…","url":""},{"title":"Custom card title","description":"101Cats User Guide and Wiki 101Cats is a free Windows CAT control program for the Yaesu FTdx101 series of radio transceivers. It has been developed by Martin (G8FXC) with input from a small band of active users. The source code for 101Cats is available to interested parties subject…","url":""},{"title":"Custom card title","description":"101Cats User Guide and Wiki 101Cats is a free Windows CAT control program for the Yaesu FTdx101 series of radio transceivers. It has been developed by Martin (G8FXC) with input from a small band of active users. The source code for 101Cats is available to interested parties subject…","url":""}]}]}],"prevNextLinks":{"nextPageUrl":"how-to-obtain-101cats.html","nextPageTitle":"How to obtain 101Cats"}}